<?xml version="1.0" encoding="UTF-8"?>
<!DOCTYPE coverity SYSTEM "config.dtd">
<coverity>

<metrics>
    <metric>
        <name>time</name>
        <value>1</value>
    </metric>
    <metric>
        <name>args</name>
        <value>/usr/local/cov-analysis-linux64-8.0.0/bin/cov-analyze --dir /home/x335chen/sa_output/intermediate_r1</value>
    </metric>
    <metric>
        <name>host</name>
        <value>eceLinux1.uwaterloo.ca</value>
    </metric>
    <metric>
        <name>short-platform</name>
        <value>linux64</value>
    </metric>
    <metric>
        <name>platform</name>
        <value>Linux 2.6.18-407.el5 x86_64</value>
    </metric>
    <metric>
        <name>ident</name>
        <value>8.0.0 (build 2c247ff7c4 p-jasper-push-24789.298)</value>
    </metric>
    <metric>
        <name>user</name>
        <value>x335chen</value>
    </metric>
    <metric>
        <name>cwd</name>
        <value>/home/x335chen/sa_output/Code</value>
    </metric>
    <metric>
        <name>config</name>
        <value>/usr/local/cov-analysis-linux64-8.0.0/config/coverity_config.xml</value>
    </metric>
    <metric>
        <name>intermediatedir</name>
        <value>/home/x335chen/sa_output/intermediate_r1</value>
    </metric>
    <metric>
        <name>outputdir</name>
        <value>/home/x335chen/sa_output/intermediate_r1/output</value>
    </metric>
    <metric>
        <name>emitdir</name>
        <value>/home/x335chen/sa_output/intermediate_r1/emit</value>
    </metric>
    <metric>
        <name>peak-mem-bytes</name>
        <value>72081408</value>
    </metric>
    <metric>
        <name>aw-peak-mem-bytes</name>
        <value>0</value>
    </metric>
    <metric>
        <name>am+aw-peak-mem-bytes</name>
        <value>0</value>
    </metric>
    <metric>
        <name>files-analyzed</name>
        <value>30</value>
    </metric>
    <metric>
        <name>cpp-code-lines</name>
        <value>38370</value>
    </metric>
    <metric>
        <name>cpp-comment-lines</name>
        <value>19212</value>
    </metric>
    <metric>
        <name>cpp-blank-lines</name>
        <value>9269</value>
    </metric>
    <metric>
        <name>cpp-code-lines-with-inline-comments</name>
        <value>937</value>
    </metric>
    <metric>
        <name>code-lines</name>
        <value>38370</value>
    </metric>
    <metric>
        <name>comment-lines</name>
        <value>19212</value>
    </metric>
    <metric>
        <name>blank-lines</name>
        <value>9269</value>
    </metric>
    <metric>
        <name>code-lines-with-inline-comments</name>
        <value>937</value>
    </metric>
    <metric>
        <name>functions-analyzed</name>
        <value>538</value>
    </metric>
    <metric>
        <name>function-metrics-count</name>
        <value>538</value>
    </metric>
    <metric>
        <name>classes-analyzed</name>
        <value>124</value>
    </metric>
    <metric>
        <name>paths-analyzed</name>
        <value>1326</value>
    </metric>
    <metric>
        <name>memout-count</name>
        <value>0</value>
    </metric>
    <metric>
        <name>pathout-count</name>
        <value>0</value>
    </metric>
    <metric>
        <name>tus-count</name>
        <value>1</value>
    </metric>
    <metric>
        <name>failures</name>
        <value>0</value>
    </metric>
    <metric>
        <name>incremental-misses</name>
        <value>0</value>
    </metric>
    <metric>
        <name>incremental-hits</name>
        <value>1076</value>
    </metric>
    <metric>
        <name>dyncg-sites-resolved</name>
        <value>0</value>
    </metric>
    <metric>
        <name>dyncg-sites-total</name>
        <value>0</value>
    </metric>
    <metric>
        <name>total-new-defect-count</name>
        <value>0</value>
    </metric>
    <metric>
        <name>extver</name>
        <value>8.0.0</value>
    </metric>
    <metric>
        <name>intver</name>
        <value>2c247ff7c4 p-jasper-push-24789.298</value>
    </metric>
    <metric>
        <name>enabled-checkers</name>
        <value>ARRAY_VS_SINGLETON,ASSERT_SIDE_EFFECT,BAD_ALLOC_ARITHMETIC,BAD_ALLOC_STRLEN,BAD_CHECK_OF_WAIT_COND,BAD_COMPARE,BAD_FREE,BAD_LOCK_OBJECT,BAD_OVERRIDE,BAD_SIZEOF,CALL_SUPER,CHAR_IO,CHECKED_RETURN,COM.BAD_FREE,COM.BSTR.CONV,CONSTANT_EXPRESSION_RESULT,COPY_PASTE_ERROR,CTOR_DTOR_LEAK,DEADCODE,DELETE_ARRAY,DELETE_VOID,EVALUATION_ORDER,EXPLICIT_THIS_EXPECTED,FB.*,FORWARD_NULL,GUARDED_BY_VIOLATION,IDENTICAL_BRANCHES,IDENTIFIER_TYPO,INFINITE_LOOP,INVALIDATE_ITERATOR,LOCK_EVASION,LOCK_INVERSION,MISSING_BREAK,MISSING_RETURN,NEGATIVE_RETURNS,NESTING_INDENT_MISMATCH,NON_STATIC_GUARDING_STATIC,NO_EFFECT,NULL_RETURNS,OVERFLOW_BEFORE_WIDEN,OVERRUN,PASS_BY_VALUE,READLINK,RESOURCE_LEAK,RETURN_LOCAL,REVERSE_INULL,REVERSE_NEGATIVE,SIGN_EXTENSION,SIZEOF_MISMATCH,STRAY_SEMICOLON,STREAM_FORMAT_STATE,SWAPPED_ARGUMENTS,UNCAUGHT_EXCEPT,UNINIT,UNINIT_CTOR,UNINTENDED_GLOBAL,UNINTENDED_INTEGER_DIVISION,UNREACHABLE,UNUSED_VALUE,USE_AFTER_FREE,VARARGS,VOLATILE_ATOMICITY,WRAPPER_ESCAPE</value>
    </metric>
    <metric>
        <name>ta.code_age_thresholds</name>
        <value>0, 0</value>
    </metric>
    <metric>
        <name>code-version-date</name>
        <value>1459268239</value>
    </metric>
    <metric>
        <name>cxx</name>
        <value>yes</value>
    </metric>
    <metric>
        <name>concurrency</name>
        <value>yes</value>
    </metric>
    <metric>
        <name>security</name>
        <value>yes</value>
    </metric>
    <metric>
        <name>force</name>
        <value>no</value>
    </metric>
    <metric>
        <name>max-mem</name>
        <value>512</value>
    </metric>
    <metric>
        <name>paths</name>
        <value>5000</value>
    </metric>
    <metric>
        <name>enable-parse-warnings</name>
        <value>no</value>
    </metric>
    <metric>
        <name>rule-cutoffs</name>
        <value></value>
    </metric>
</metrics>
</coverity>
